name,segment,hq,stage,amount_usd_m,investors,date,status,source_type,source_url,verified,last_checked,notes
Mews,PMS / operating system,Amsterdam,Series D,300,EQT Growth (lead); Atomico; HarbourVest,2026-01,independent,press_release,https://www.mews.com/en/press/mews-secures-300-million-investment,yes,10/5/2026,$2.5B valuation per Skift; acquired Atomize (2024) and Flexkeeping (2025)
Oracle OPERA Cloud,PMS / operating system,Austin,n/a incumbent,,,2026-06,incumbent,press_release,https://www.oracle.com/news/announcement/new-ai-capabilities-in-oracle-opera-cloud-supercharge-hotel-operations-2026-06-16/,yes,10/5/2026,OPERA Cloud Assistant bundled at no extra cost; Wyndham 2100+ properties
Cloudbeds,PMS / operating system,San Diego,n/a incumbent,,,2026-05,independent,press_release,https://www.cloudbeds.com/compass/spring-release-2026/,yes,10/5/2026,Ask Signals conversational AI on unified hotel data
Life House,PMS / operating system,,Joint_Venture,,Inovia Capital (lead); Thayer Investment Partners,2024-12,joint_venture,news,https://www.businesswire.com/news/home/20241219605760/en/Lark-Hotels-Forms-Joint-Venture-With-Life-House-Adding-More-Than-50-Properties-to-North-American-Portfolio,yes,10/5/2026,Dec 2024 JV with Lark Hotels into Lark Hospitality; Lark controls; revenue tech (Diamo) spun off. 
Canary Technologies,Guest experience,San Francisco,Series D,80,Brighton Park Capital (lead),2025-06,independent,press_release,https://ap.canarytechnologies.com/press/canary-raises-series-d,yes,10/5/2026,$600M valuation per PhocusWire; AI Voice and AI Webchat
Duve,Guest experience,,Series B,60,Susquehanna Growth Equity (lead); XT Venture Capital,2025-12,independent,LinkedIn,https://www.linkedin.com/feed/update/urn:li:activity:7404194471443271680/,yes,10/5/2026,$85M total raised; customers include Accor and OYO
Dextr AI,Guest experience,San Francisco,Seed,6.7,Elevation Capital (lead); Foundation Capital,2026,independent,investor_post,https://www.elevationcapital.com/perspectives/investing-in-dextr-ai,yes,10/5/2026,Founded July 2025; voice reservations agent; revenue claims are company-reported; 6.7 million investment stated on company website
Otel AI,Guest experience,Dublin,Pre-seed,3.3,,2026-04,independent,investor_post,https://www.playfair.vc/content.php?p=why-we-invested-in-otel-ai,yes,10/5/2026,AI co-worker for GMs; RevPAR +8.6% at one pilot hotel (company claim)
Q Concierge,Guest experience,San Francisco,Seed,1,The House Fund; Recursive Ventures; Orrick,2026-03,independent,investor_post,https://www.antler.co/blog/announcing-the-spring-2026-u-s-portfolio-showcase,yes,10/5/2026,Voice AI on hotel phone lines; Pitchbook gives value of $1m
AIVA Tech,Guest experience,New York,Seed,1.5,Comma Capital (lead); 645 Ventures,2026-06,independent,LinkedIn,https://www.linkedin.com/posts/lucia-mari-sanguino_today-were-announcing-aiva-techs-15m-share-7475602162568368128-XyZT/?utm_source=share&utm_medium=member_desktop&rcm=ACoAAADRy4oB1x2HypxCWM2FqGEqwcZa9XuzPRQ,yes,10/5/2026,Founded 2026
Inntelo AI,Guest experience,London,Pre-seed,0.675,Haatch,2025-07,independent,LinkedIn,https://www.linkedin.com/posts/hospitalityai-guestexperience-aiconcierge-share-7350449560407695360-Ai30/?utm_source=share&utm_medium=member_desktop&rcm=ACoAADLXLE4BNNDbYnXXeV2wh_DxAc1SssTOf5c,yes,10/5/2026,Converted from 500kGPB to USD at July 2025 exchange rate
Aiello,Guest experience,Taipei,Series A,5.8,CDIB Capital Group; JAFCO Asia,2024-10,independent,press_release,https://aiello.ai/media/aiello-startup-voice-ai-funding,yes,10/5/2026,
Duetto,Revenue management,San Francisco,Acquired,,GrowthCurve Capital (acquirer),2024-06,acquired,press_release,https://www.growthcurvecapital.com/post/growthcurve-capital-acquires-duetto,yes,10/5/2026,Earlier $80M Series D led by Warburg Pincus
Atomize,Revenue management,,Acquired,,Mews (acquirer),2024-09,acquired,press_release,https://www.mews.com/en/press/mews-acquires-atomize,yes,10/5/2026,
Pace Revenue,Revenue management,London,Acquired,,FLYR (acquirer),2022-09,acquired,press_release,https://www.flyrhospitality.com/resources/flyr-acquires-pace-extending-its-revenue-operating-system-to-hotels,yes,10/5/2026,
Lighthouse,Revenue management,,Series C,370,KKR (lead),2024-11,independent,press_release,https://www.mylighthouse.com/resources/blog/lighthouse-announces-370-million-series-c-investment-led-by-kkr-to-accelerate-platform-innovation-and-growth,yes,10/5/2026,Market data and AI-search visibility products
Optii,Operations / housekeeping,Austin,Acquired,,MCR (acquirer),2024-07,acquired,press_release,https://www.optiisolutions.com/press-release/mcr-acquires-cloud-based-hotel-management-platform-optii,yes,10/5/2026,Acquired by US hotel owner-operator MCR
Flexkeeping,Operations / housekeeping,,Acquired,,Mews (acquirer),2025-09,acquired,press_release,https://www.mews.com/en/press/mews-acquires-flexkeeping,yes,10/5/2026,Mews 13th acquisition; price undisclosed
Inn-Flow,Back-office,Raleigh,Growth investment,45,Mainsail,2025-03,independent,press_release,https://www.inn-flow.com/press-release-inn-flow-secures-growth-investment-from-mainsail-partners/,yes,10/5/2026,Acquired Lilo (procurement) in May 2026
RobosizeME,Back-office,Olomouc,Seed,2,SeedTwo Capital (lead); Sparking Capital; BrightCap Ventures,2026-02,independent,press_release,https://www.seedtwo.com/insights/robosizeme-raises-2m-seed-round-led-by-seedtwo-capital,yes,10/5/2026,Savings claim ($1M+ labor) is company-reported
AI Hospitality Group,Back-office,Dallas,Raise,7.5,,2026-09,independent,news,https://www.prnewswire.com/news-releases/industry-veteran-sloan-dean-launches-ai-hospitality-group-the-first-ai-native-hotel-operating-company-302884262.html,yes,10/5/2026,AI-native hotel operator (manages hotels) rather than selling software; source directly provided by  AIHG
